{
  "_startTime": 0.0,
  "_endTime": 600.0,
  "_enableCargoLoading": false,
  "_staffGoesForLunch": false,
  "_nonPassengerCars": false,
  "_list": [
    10.363308914316374,
    10.80893564535601,
    18.9119633378484,
    29.806243406994987,
    10.718492188876343,
    28.895081614088298,
    17.40989039524819,
    30.123432243289706,
    17.845577438442486,
    30.509884727551807,
    15.839493271835048,
    31.06059703717618,
    16.848546201113926,
    15.643844783162919,
    2.7660997163024947,
    11.129501497118959,
    29.056505438630364,
    31.62362183054931,
    14.711720591940285,
    23.841550039253878,
    23.66132055303678,
    31.381135089482203,
    14.112270415786739,
    18.27355775256614,
    45.52499617811298,
    30.64023374874884
  ],
  "_text": "Прибытие через 1 час"
}